210758,84664,110642,92443,99054,92439,90708,97206,69636,175368,174815,177409,174775,277713,135723,215589,201077,253543,243895,162948,157881,179611,236827,82726,147745,131412,37186,272197,236099,166284,243188,243431,107115,174731,165040,215276,173607,133348,272148,270432,122061,174577,112161,93065,73669,103181,166748,138200,158143,166866,122446,132920,165629,95393,253719,109314,110263,195360,181221,48704,138152,147354,172458,143977,98590,110746,130413,17477,157995,92897,196344,134531,137332,95072,99849,103438,175130,34076,189022,67474,8891,122998,43801,90228,70557,84743,60472,72429,62493,21173,168835,168216,136838,149012,75109,86720,149947,82064,279533,77004
217176,83644,109621,91422,98033,91418,89687,96186,55504,185612,185059,187653,185019,287957,134702,222007,211321,263787,254139,173192,168125,189855,247071,81705,146724,130391,40686,282441,246343,176528,253432,253675,122374,184975,175283,221693,183851,143592,282392,280676,121040,184820,111140,92044,88003,113425,176992,137179,157123,177110,132690,131899,175872,94372,263963,119558,120507,205604,191465,34572,137131,146333,182702,142956,108834,109725,129393,11597,168239,91877,202762,133510,154839,94051,98828,102417,185374,42160,199266,66453,29623,133242,42780,89208,80801,83722,59451,71408,55335,29257,179079,178460,147081,155430,60977,85699,148926,92307,289777,62872
237318,91981,129764,113215,119826,113211,109830,117979,24381,224230,223677,226271,223637,326575,156495,242149,249939,302405,292757,211810,206743,228473,285689,89523,168517,152184,73030,321059,284961,215146,292050,292293,142517,223593,213902,241836,222469,185363,321011,319294,141183,223439,132933,113837,108146,155628,215610,158972,180355,215728,160514,152041,214491,116166,302581,161329,145844,244222,230083,39488,158924,168126,221320,164749,147143,131519,151186,66295,206857,113670,222905,155303,174982,114194,120621,124210,223992,83548,237884,86595,84321,171860,72865,109350,113327,92060,81244,93201,62385,83955,217697,217078,176116,175572,6679,107492,170719,137674,328395,2448
247845,90590,130426,104701,111312,104697,120357,109464,18915,234757,234204,236798,234164,337102,147981,252676,260466,312932,303284,222337,217270,239000,296216,88132,160003,143670,83557,331586,295488,225673,302577,302820,153044,234120,224429,252363,232996,195890,331537,329821,151710,233966,124419,105323,118673,166155,226137,161982,181926,226255,171041,162568,225018,107651,313108,171856,156371,254749,240610,50015,150410,159612,231847,156235,157670,123004,142671,76822,217384,105155,233432,158313,185509,124721,112107,127220,234519,94075,248411,97122,94848,182387,83392,119877,123854,90669,77802,98930,62563,94482,228224,227605,186643,186099,17206,98977,162205,148201,338922,16973
259950,101982,141819,116093,122704,116090,132462,120857,30515,246862,246308,248902,246268,349206,159373,264781,272571,325037,315388,234442,229374,251104,308321,99524,171395,155062,95662,343691,307592,237777,314682,314925,165148,246225,236533,264467,245101,207995,343642,341925,163814,246070,135811,116715,130778,178259,238241,173375,193318,238359,183145,174673,237122,119044,325212,183961,168476,266854,252715,62120,161802,171005,243952,167627,169775,134397,154064,88926,229488,116548,245536,169706,197613,136825,123499,138613,246623,106180,260516,109227,106953,194492,95497,131982,135959,102061,89195,110323,73956,106586,240328,239710,198748,198204,36397,110370,173597,160305,351026,36163
200497,66965,92942,74743,81354,74739,73009,79507,76127,187409,186855,189449,186815,289753,118023,205328,213118,265584,255935,174988,169921,191651,248867,65027,130045,113712,19486,284238,248139,178324,255228,255472,105695,186771,177080,205014,185648,126349,284189,282472,104361,186617,94461,75365,71325,96182,178788,120500,140444,178906,123692,115220,177669,77694,265759,102315,109023,207401,193262,50516,120452,129654,184498,126277,91592,93047,112714,21202,170035,75198,186083,116831,138160,77372,82149,85738,187170,16376,201063,49774,19897,135039,26101,72529,63558,67044,42772,54729,44794,3083,180875,180257,139294,138751,81601,69020,132247,75065,291573,83495
201567,68034,94012,75813,82424,75809,74078,80576,53530,188478,187925,190519,187885,290823,119093,206397,214187,266653,257005,176058,170991,192721,249937,66096,131115,114782,25077,285307,249209,179394,256298,256541,106765,187841,178150,206084,186717,149611,285259,283542,105431,187687,95531,76435,72394,119876,179858,121570,141513,179976,124762,116290,178739,78763,266829,125577,110092,208470,194331,21660,121522,130724,185568,127347,111392,94116,113783,19454,171105,76267,187153,117901,139230,78442,83219,86808,188240,27157,202132,50844,41869,136108,27171,73598,77575,68113,43842,55799,39726,33502,181945,181326,140364,139820,59003,70089,133317,101922,292643,60897
208188,76307,100634,84085,90696,84081,80700,88849,37556,195100,194547,197141,194507,297445,127365,213019,220809,273275,263627,182680,177613,199343,256559,74369,139387,123054,43900,291929,255831,186016,262920,263163,113387,194463,184772,212706,193339,156233,291881,290164,112053,194309,103803,84707,79016,126498,186480,129842,151225,186598,131384,122911,185361,87036,273451,132199,116714,215092,200953,7819,129794,138996,192190,135619,118014,102389,122056,29564,177727,84540,193775,126173,145852,85064,91491,95080,194862,54418,208754,57466,47591,142730,43735,80220,84197,76386,52114,64071,32746,47224,188567,187948,146986,146442,43029,78362,141589,108544,299265,44923
216237,77369,108683,92134,98745,92130,88749,96898,13117,203149,202596,205190,202556,305494,135414,221068,228858,281324,271676,190729,185662,207392,264608,74911,147436,131103,51949,299978,263880,194065,270969,271212,121436,202512,192821,220755,201388,164282,299930,298213,120102,202358,111852,92756,87065,134547,194529,137891,159274,194647,139433,130960,193410,95085,281500,140248,124763,223141,209002,18407,137843,147045,200239,143668,126062,110438,130105,45214,185776,92589,201824,134222,153901,93113,99540,103129,202911,62467,216803,65514,63240,150779,51784,88269,92246,77448,60163,72120,41304,62874,196616,195997,155035,154491,18590,86411,149638,116593,307314,20484
237951,83846,123683,97958,104569,97954,110463,102721,8776,224863,224310,226904,224270,327208,141238,242782,250572,303038,293390,212443,207376,229106,286322,81388,153259,136926,73663,321692,285594,215779,292683,292926,143150,224226,214535,242469,223102,185996,321643,319927,141816,224072,117675,98579,108779,156261,216243,155239,175183,216361,161147,152674,215124,100908,303214,161962,146477,244855,230716,40121,143667,152869,221953,149492,147776,116261,135928,66928,207490,98412,223538,151570,175615,114827,105363,120477,224625,84181,238517,87228,84954,172493,73498,109983,113960,83925,71059,92187,55820,84588,218330,217711,176749,176205,30811,92234,155461,138307,329028,32705
271823,113855,153692,127966,134577,127963,144335,132730,42388,258735,258181,260775,258142,361079,171246,276654,284444,336910,327261,246315,241247,262977,320194,111397,183268,166935,107535,355564,319466,249651,326555,326798,177021,258098,248406,276340,256974,219868,355515,353798,175688,257943,147684,128588,142651,190132,250114,185248,205191,250232,195018,186546,248995,130917,337085,195834,180349,278727,264588,73993,173676,182878,255825,179500,181648,146270,165937,100799,241362,128421,257409,181579,209486,148698,135372,150486,258496,118053,272389,121100,118826,206365,107370,143855,147832,113934,101068,122196,85829,118460,252202,251583,210621,210077,65110,122243,185470,172178,362899,67005
176358,65365,62756,73143,79754,73139,48870,77906,87808,150965,150411,153005,150371,253309,118736,181189,176673,229140,219491,138544,133477,155207,212423,63426,139348,114425,20684,247794,211695,141880,218784,219028,81557,150327,140636,180876,149204,108944,247745,246028,80223,150173,92861,73765,47186,78777,142344,109465,119395,142462,99554,91081,141225,74963,229315,84910,85859,170956,156818,57531,121491,130693,148054,127316,74187,91446,113427,45941,133591,73598,161945,105796,114022,53234,80549,74703,150726,20144,164619,29703,41380,98595,21891,48390,46151,65443,50086,55332,52107,31934,144431,143813,115156,114612,93282,67420,133285,57660,255129,95176
174954,56445,67399,64223,70834,64219,47466,68987,64883,161866,161313,163907,161273,264211,107503,179785,187575,240041,230392,149446,144379,166108,223325,54507,119525,103192,3378,258695,222597,152782,229686,229929,80153,161229,151537,179472,160105,122999,258646,256930,78819,161074,83941,64845,45782,93264,153246,109980,117990,153364,98150,89677,152126,67174,240216,98965,83480,181858,167719,34605,109932,119134,158956,115757,84779,82527,102194,30543,144493,64678,160540,106311,112617,51830,71629,75218,161628,6290,175520,23102,37250,109496,7123,46986,50963,56524,32252,44209,34274,19907,155333,154714,113752,113208,70356,58500,121727,71711,266031,72250
185392,53510,77837,61289,67900,61285,57904,66052,49474,172304,171750,174344,171710,274648,104569,190223,198013,250479,240830,159884,154816,176546,233763,51572,116591,100257,19067,269133,233034,163219,240124,240367,90590,171667,161975,189909,170543,133437,269084,267367,89256,171512,81006,61910,56220,103701,163683,107045,128428,163801,108587,100115,162564,64239,250654,109403,93918,192296,178157,19196,106998,116200,169394,112823,95217,79592,99259,32502,154930,61743,170978,103377,123055,62267,68694,72283,172065,18680,185958,34669,44835,119934,15453,57424,61401,53589,22979,41274,22087,27492,165770,165152,124190,123646,54947,55565,118792,85747,276468,56841
202917,61945,95362,76056,82667,76052,75429,80820,39624,189829,189275,191869,189235,292173,119336,207748,215537,268004,258355,177408,172341,194071,251287,59487,131358,115025,36305,286658,250559,180744,257648,257892,108115,189191,179500,207434,188068,150962,286609,284892,106781,189037,95774,76678,73744,121226,181208,124570,145953,181326,126112,117640,180089,79007,268179,126928,111443,209820,195682,11398,121765,130968,186918,127590,112742,94360,114027,46476,172455,76511,188503,120901,140580,79792,83462,89808,189590,49146,203483,52194,64502,137459,38464,74949,78925,62024,30764,58799,16532,55491,183295,182676,141714,141171,45097,70333,133560,103272,293993,46991
219157,60379,100216,74490,81101,74486,94319,79254,19924,208719,208166,210760,208126,281476,117770,223987,234428,286894,247658,196299,191232,212961,270178,57921,129792,113459,56887,275961,269450,199635,246952,247195,127006,208082,198390,223674,206958,169852,275912,274195,125672,207927,94208,75112,92635,140116,200099,131771,151715,200217,145003,136530,198979,77440,287069,145818,130333,228711,214572,23156,120199,129401,205809,126024,131632,92793,112461,58234,191346,74945,204743,128103,156820,98683,81896,97009,208481,61507,222373,71084,76261,156349,52913,93839,97816,60458,47591,68720,32353,67851,202186,201567,157954,157410,35470,68767,131994,122162,283296,37364
152280,53061,36674,60839,67450,60835,24792,65603,87328,139192,138639,141233,138599,241536,106432,157111,164901,217367,207718,126772,121705,143434,200651,51122,127044,102121,28204,236021,199923,130108,207012,207255,57479,138555,128863,156797,137431,100325,235972,234256,56145,138400,80557,61461,23108,69972,130572,98224,95316,130689,75476,67003,129452,62659,217542,76291,60806,159184,145045,57050,110546,119748,136282,116371,62105,79142,101123,68763,121819,61294,137866,94555,89943,29156,68245,62399,138953,30284,152846,10206,64203,86822,28270,24312,28289,53139,49605,43028,51627,55516,132659,132040,91078,90534,92801,55116,122341,48854,243356,94695
169475,38912,61920,46690,53302,46687,41987,51454,70080,156387,155834,158428,155794,258732,89971,174306,182096,234562,224914,143967,138900,160629,217846,36974,101992,85659,18083,253216,217118,147303,224207,224450,74674,155750,146058,173993,154626,117520,253167,251451,73340,155595,66408,47312,40303,87785,147767,92447,112511,147885,92671,84198,146647,49641,234737,93486,78001,176379,162240,39803,92400,101602,153477,98225,79300,64994,84661,54267,139014,47145,155061,88778,107138,46351,54096,57685,156149,21771,170041,11394,55612,104017,11006,41507,45484,38991,18145,26676,26951,38268,149854,149235,108273,107729,75554,40967,104194,69830,260552,77448
183313,29379,64400,50199,56810,50195,55825,54962,62607,170225,169671,172265,169631,272569,93479,188144,195934,248400,238751,157805,152737,174467,231684,27190,105501,89168,25558,267054,230955,161140,238045,238288,88511,169588,159896,187830,168464,131358,267005,265288,87177,169433,69917,50821,54141,101622,161604,95956,115899,161722,106508,98036,160485,53149,248575,107324,91839,190217,176078,32330,95908,105110,167315,101733,93138,68502,88169,52107,152851,50653,168899,92287,120976,60188,57605,61194,169986,29764,183879,23865,53452,117855,16707,55345,59322,29458,7997,30185,10629,36109,163691,163073,122111,121567,68081,44475,107703,83668,274389,69975
204379,45601,85438,59712,66323,59709,77562,64476,40642,191962,191409,194003,191369,266699,102993,209210,217671,270137,232881,179542,174475,196204,253421,43143,115014,98681,40130,261183,252693,182878,232174,232417,110249,191325,181633,208896,190201,153095,261134,259418,108915,191170,79430,60334,75878,123360,183342,116994,136937,183460,128246,119773,182222,62663,270312,129061,113576,211954,197815,29179,105422,114624,189052,111246,114875,78016,97683,57314,174589,60167,189965,113325,142042,81926,67118,82232,191724,44750,205616,54327,68438,139592,36156,77082,81059,45680,21633,53942,7954,51095,185429,184810,143177,142633,56189,53989,117216,105405,268519,58083
151720,252757,204494,234605,238645,234605,206892,231675,306017,100017,96160,101097,97904,103156,265770,143311,59360,49414,112689,107192,112198,98646,38281,250819,286382,261459,254036,104835,108920,105555,111982,110833,179760,100536,104737,150081,99133,202612,97591,110382,199008,96778,248544,234821,211123,171037,104736,241318,232828,104774,191710,196836,133854,233755,49589,178578,179527,54493,99378,275739,253639,262842,97984,259464,170474,247130,260461,266491,111158,234114,168304,237649,206597,204680,229853,213134,98259,267860,73843,233541,261931,157801,246959,210083,205662,252836,268294,242725,270316,257669,101415,100797,206102,218276,311490,242611,265434,183482,92110,313384
142273,243310,195047,225158,229199,225158,197445,222229,296570,90571,86713,91651,88458,98653,256324,133865,39022,44911,102342,97746,102751,61478,28195,241372,276936,252013,244590,100332,98573,96109,101635,100487,170313,69342,74163,140635,69597,193166,93088,105879,189562,87332,239097,225375,201676,161590,74314,231871,223382,95328,182264,187389,124408,224309,45087,169132,170080,39494,60677,266293,244193,253395,88537,250018,161027,237683,251014,257045,101712,224668,158858,228202,197150,195234,220407,203687,88813,258413,53505,224094,252484,148355,237513,200636,196216,243389,258848,233278,260869,248222,91969,91350,196655,208830,302043,233165,255988,174036,87607,303938
103951,204988,156725,186836,190877,186836,159123,183906,258248,52248,48391,53328,50135,98255,218002,95542,29148,43365,83564,59423,64429,51604,34740,203050,238613,213690,206267,101761,79795,57786,82857,81708,131991,59468,56968,102312,59723,154843,92691,99995,151239,49009,200775,187052,163354,123268,56967,193549,185059,57005,143941,149067,86085,185987,46997,130809,131758,23129,50804,227970,205871,215073,50215,211695,122705,199361,212692,218723,63389,186345,120535,189880,158828,156911,182084,165365,50490,220091,43631,185772,214162,110032,199191,162314,157893,205067,220525,194956,222547,209900,53647,53028,158333,170507,263721,194842,217665,135713,87209,265615
81507,182545,134281,164392,168433,164392,136679,161463,235804,29805,25947,30885,27692,91155,195558,73099,9554,54170,88578,36980,41985,22322,51574,180606,216170,191247,183824,85639,80782,35343,87871,88114,109547,30324,34525,79869,28920,132400,85590,83874,128796,26566,178332,164609,140911,100824,34523,171105,162616,34562,121498,126624,63642,163543,57802,108366,109315,5199,23055,205527,183427,192629,27771,189252,100261,176917,190248,196279,40946,163902,98092,167436,136384,134468,159641,142921,28047,197648,22712,163328,191718,87589,176747,139871,135450,182623,198082,172512,200103,187456,31203,30584,135889,148064,241277,172399,195222,113270,85897,243172
65225,170347,122083,152194,156235,152194,124481,149265,223606,14213,10127,15151,14267,106114,183360,56817,23423,85193,72296,24782,29787,7798,68477,168408,203972,179049,171626,100599,64501,22620,71590,71833,97349,8077,19171,63587,8331,120202,100550,98833,116598,13435,166133,152411,128712,88626,19322,158907,150418,19557,109300,114426,51444,151345,85368,96168,97117,19860,8531,193329,171229,180431,10175,177054,88063,164719,178050,184081,28748,151704,81810,155238,124186,122270,147443,130723,14621,185449,13254,151130,179520,75391,164549,127672,123252,170425,185884,160314,187905,175258,18480,17861,123691,135866,229079,160201,183024,101072,107934,230974
80037,155122,106859,136970,141010,136970,109257,134040,208381,17227,15707,18211,16248,120926,168135,71628,44290,96756,87108,4356,10811,11823,80040,153184,188747,163824,156401,115410,79312,10074,86401,86644,82124,13573,5154,78398,11969,104977,115361,113645,101373,16449,150909,137186,113488,73402,6862,143683,135193,6980,94075,99201,31473,136120,96931,80943,81892,38573,14635,178104,156004,165206,10820,161829,72838,149495,162826,168856,9130,136479,68737,140014,108962,107045,132218,115499,16603,170225,22436,135906,164296,60166,149324,112448,108027,155201,170659,145090,172681,160034,10354,10592,108467,120641,213855,144976,167799,85847,122746,215749
66970,142347,94084,124195,128236,124195,96482,121266,195607,34131,33578,36172,33538,136476,155361,87178,59840,112306,102658,21711,12911,38374,95590,140409,175973,151050,143627,130960,94862,25047,101951,102194,69350,33494,20470,93949,32370,69436,130912,129195,88599,33340,138134,124411,100713,60627,22178,130908,122419,22296,81301,86426,21431,123346,112482,68168,69117,54123,39984,165329,143230,152432,31221,149055,60064,136720,150051,156082,12965,123705,66945,127239,96187,94271,119444,102724,33893,157450,47785,123131,151521,37217,136550,99673,95253,142426,157885,132315,159906,147259,27598,26979,95692,107867,201080,132201,155025,73073,138296,202975
84776,121199,72936,103047,107088,103047,75334,100118,174459,49122,48569,51163,48529,151467,134213,102170,74831,127297,117649,36702,28440,53365,110581,119261,154825,129902,122479,145951,109853,40038,116942,117185,48202,48485,38794,108940,47361,53366,145903,144186,67451,48331,116986,103263,79565,39479,40502,109760,101271,40620,60153,65278,33087,102198,127473,47020,47969,69114,54976,144181,122082,131284,46212,127907,38916,115572,128903,134934,28494,102557,70362,106091,75039,73123,98296,81576,48884,136302,62776,101983,130373,21232,115402,78525,74105,121278,136737,111167,138758,126111,42589,41970,74544,86719,179932,111053,133877,51925,153287,181826
94385,106166,57903,88014,92055,88014,60301,85085,159426,66180,65626,68220,65587,168524,119180,119227,91889,144355,134706,53760,48692,70422,127639,104228,139792,114869,107446,163009,126911,57096,134000,134243,30873,65543,55851,125997,64419,55062,162960,161243,51458,65388,101953,88230,64532,23487,57559,93768,85278,57677,44160,49286,42790,87165,144530,31028,31977,86172,72033,129148,106090,115292,63270,111914,22349,100539,113870,114151,48807,87524,79971,90099,59047,58090,83263,66543,65941,121269,79834,86950,109591,5415,100369,63492,53322,106245,121704,96134,123725,105329,59647,59028,58552,70726,164899,96020,117884,27095,170344,166794
125684,98482,50219,80330,84370,80330,52617,77400,145668,89744,89190,91784,89151,192088,111495,130515,115453,167919,158270,77324,72256,93986,151203,96544,132107,107184,87249,186573,150475,80660,157564,157807,21002,89107,79415,130202,87983,48274,186524,184807,44670,88952,94269,80546,38706,18107,81123,86980,78490,81241,37372,42498,80004,79480,168094,24240,25189,109736,95597,115390,99302,108504,86834,105126,13517,92855,106186,98958,72371,79839,111271,83311,52259,32038,75578,58859,89505,92308,103398,72662,94397,23783,86611,55808,38128,98561,107946,88450,109967,90135,83211,82592,51764,63938,151141,88336,111096,11901,193908,153035
132965,89120,28839,68175,72216,68175,26810,65245,125935,97575,97022,99616,96982,199920,99341,137796,123284,175750,166102,85155,80088,101818,159034,87182,119952,95029,73955,194404,158306,88491,165395,165638,21526,96938,87247,137483,95814,55555,194356,192639,35210,96784,82114,68391,17531,25388,88955,77290,74382,89073,44653,38105,87836,67326,175926,31521,23693,117567,103428,95657,89612,98814,94665,95437,20798,80700,94031,89846,80202,67684,118551,73621,59540,16634,63423,46704,97337,87778,111229,53459,85285,39078,66878,21147,21184,89199,88213,79088,90234,81023,91042,90423,59045,71219,131408,76181,101406,6727,201740,133302
130408,66073,20776,67237,71278,67237,2909,64308,102888,117320,116767,119361,116727,219664,98403,135239,143029,195495,185846,104900,99833,121562,178779,64135,119015,94092,50908,214149,178051,108236,185140,185383,35607,116683,106991,134926,115559,78453,214100,212384,34273,116528,81176,67453,6702,48717,108700,76352,73444,108817,53604,45131,107580,66388,195670,54419,38934,137312,123173,72610,88674,97876,114410,94499,40233,79762,93093,87074,99947,66747,115994,72683,68071,9220,62486,26655,117081,64731,130974,30412,88419,64950,43831,4737,16758,66152,65166,56041,67187,71076,110787,110168,69206,68662,108361,68128,100469,23619,221484,110255
147694,38056,22616,45834,52445,45831,15322,50598,96407,134606,134053,136647,134013,236951,83992,152525,160315,212781,203133,122186,117119,138849,196065,36118,104603,79680,44427,231435,195337,125522,202426,202669,52893,133969,124278,152212,132845,95739,231386,229670,51559,133815,65552,46456,18506,66004,125986,74720,90730,126104,70890,62417,124867,34742,212957,71705,56220,154598,140459,66130,86746,95948,131696,92571,57519,64138,78682,80594,117233,46289,133281,71051,85358,24570,53240,22135,134368,58250,148260,16219,81939,82236,37350,16771,26884,38135,46131,28024,60706,64595,128073,127454,86492,85948,101880,40111,98541,38969,238771,103775
161309,25178,34520,32956,39567,32953,43950,37720,82579,157841,157288,159882,157248,223629,83196,166140,183550,236016,189811,145421,140354,162083,219300,23240,88258,78884,38872,218113,193770,148757,189104,189347,76637,157204,147512,165826,156080,119483,218064,216348,75303,157049,52674,33578,42266,89238,149221,73924,93868,149339,94634,86161,148101,39422,236191,95449,79964,177833,163694,52301,78666,87868,154931,84490,80754,51260,77886,65421,140468,33411,146895,70255,98972,48314,40362,39162,157603,43078,171495,15653,66767,105471,30695,43470,47447,25257,16096,11516,35964,49423,151308,150689,100107,99563,88052,27233,90460,71273,225449,89946
169497,15572,50556,30514,37125,30510,68998,35277,69261,166029,165476,168070,165436,231817,73794,174328,191738,244204,197999,153609,148542,170272,227488,13382,85815,69482,45708,226301,201958,156945,197292,197535,83297,165392,155701,174015,164268,120195,226253,224536,85772,165238,50231,31135,67314,97427,157409,82112,102056,157527,105103,96631,156290,33464,244380,103559,92316,186021,171882,59137,76223,85425,163119,82048,88942,48817,68484,72257,148656,30968,155083,78443,107160,73362,37919,47350,165791,49914,179683,33486,73602,113659,37531,68519,72495,15651,11291,13707,21043,56259,159496,158877,108295,107751,84807,24790,88017,96322,233637,86702
185850,24570,66909,41183,47794,41180,85351,45947,57377,182382,181828,184422,181789,248170,84464,190681,208091,260557,214352,169962,164895,186624,243841,24614,96485,80152,48628,242654,218311,173298,213645,213888,99650,181745,172053,190367,180621,136547,242605,240889,102125,181590,60901,41805,83667,113779,173762,98465,118408,173879,121456,112983,172642,44134,260732,119912,108669,202374,188235,49186,86893,96095,179472,92717,105295,59487,79154,83448,165009,41638,171436,94796,123513,89715,48589,63703,182143,52834,196036,61413,76522,130012,39777,84871,88848,24649,22465,35413,18870,59179,175849,175230,124648,124104,72923,35460,98687,112674,249990,74818
131534,232572,184308,214419,218460,214419,186706,211490,285831,79832,75974,80912,77719,82970,245585,123126,56313,29229,92503,87007,92012,78461,18096,230633,266197,241274,233851,84649,88735,85370,91797,90648,159574,80351,84552,129896,78947,182427,77406,90197,178823,76593,228359,214636,190938,150851,84550,221132,212643,84589,171525,176651,113669,213570,29404,158393,159342,54113,79193,255554,233454,242656,77798,239279,150288,226944,240275,246306,90973,213929,148119,217464,186411,184495,209668,192948,78074,247675,78387,213355,241745,137616,226774,189898,185477,232650,248109,222539,250130,237483,81230,80611,185916,198091,291304,222426,245249,163297,71924,293199
128485,229522,181259,211370,215411,211370,183657,208441,282782,76783,72925,77863,74670,84865,242536,120076,39100,31123,90828,83958,88963,75411,14407,227584,263148,238225,230802,86544,87059,82321,90121,88973,156525,77302,81503,126847,75898,179378,79300,92091,175774,73544,225309,211586,187888,147802,81501,218083,209594,81539,168476,173601,110620,210521,31298,155343,156292,36900,76144,252504,230405,239607,74749,236230,147239,223895,237226,243257,87924,210880,145070,214414,183362,181446,206619,189899,75024,244625,75338,210306,238696,134567,223725,186848,182428,229601,245060,219490,247081,234434,78181,77562,182867,195042,288255,219376,242200,160248,73819,290149
80279,202743,154479,184590,188631,184590,156878,181661,256002,50003,44019,51083,45764,85348,215756,71870,23084,30458,72802,57178,62183,44151,28547,200805,236368,211445,204022,75848,69033,55541,72095,70946,129745,50522,54723,78640,49118,152598,79784,74082,148994,44207,198530,184807,161109,121022,54722,191303,182814,54760,141696,146822,83840,183741,34089,128564,129513,20884,44883,225725,203625,212827,47969,209450,120459,197115,210446,216477,61144,184100,96863,187635,156582,154666,179839,163119,46119,217846,45745,183527,211916,107787,196945,160069,155648,202822,218280,192710,220301,207655,51401,50782,156088,168262,261475,192597,215420,133468,74302,263370
60227,198620,150357,180468,184509,180468,152755,177539,251880,28586,29417,29666,29726,77036,211634,51819,34160,51612,56183,53055,58061,41948,49701,196682,232245,207322,199900,71520,52414,51419,55476,54328,125623,39914,50601,58589,40168,109891,71471,69755,144872,28354,194407,180684,156986,116900,50599,187181,144546,50637,137574,142699,51931,179619,55244,124441,125390,21639,42681,221602,199503,208705,34468,205328,116337,192993,206324,212355,57022,179978,76812,183512,105242,150544,175717,158997,29605,213723,41701,179404,207794,103665,192823,155946,151525,198699,214158,188588,216179,203532,47279,46660,106376,106673,257353,188474,211297,129346,71778,259247
51053,176619,128356,158467,162507,158467,130754,155537,229878,8733,9563,9813,9873,91941,189632,42644,38999,91465,58123,31054,36060,22095,74749,174681,210244,185321,177898,86426,50328,29417,57417,57660,103621,20060,28599,49414,20315,126474,86377,84661,122870,8501,172406,158683,134985,94898,28598,165180,156690,28636,115572,120698,36571,157617,91640,102440,103389,33282,22827,199601,177501,186703,14614,183326,94335,170992,184323,190353,35020,157976,67637,161511,94218,128542,153715,136995,9751,191722,33952,157403,185793,81663,170821,133945,129524,176698,192156,166587,194178,181531,25277,24659,95353,95649,235352,166473,189296,107344,93762,237246
48229,161654,113391,143502,147543,143502,115789,140573,214914,13177,15147,13001,14568,99579,174668,50282,46721,99187,65761,13530,15484,27374,82471,159716,195280,170357,162934,94064,57965,11463,65054,65297,88657,18976,15622,57052,18099,74911,94015,92298,107906,14143,157441,143718,120020,79934,17330,150215,123147,17448,100608,105733,19112,142653,99363,87475,88424,41004,28984,184636,162537,171739,16950,168362,79371,156027,169358,175389,15117,143012,54593,146546,83843,113578,138751,122031,13093,176757,36785,142438,170828,66699,155857,118980,114560,161733,177192,151622,179213,166566,12862,15102,84977,85274,220387,151508,174332,92380,101399,222282
53023,147543,99280,129391,133432,129391,101678,126461,200803,29938,38774,29762,31329,109812,160557,51560,65036,117502,75994,26907,17009,43569,100786,145605,181168,156245,148822,104297,61909,26740,75288,75531,74546,38690,28998,52397,37566,55900,104248,102531,93794,30904,143330,129607,105909,65823,30707,136104,127614,30824,57073,91622,5037,128541,117677,73364,74313,59319,45180,170525,148426,157628,36417,154250,65260,141916,155247,161278,19678,128900,53870,132435,83120,99466,124639,107920,29854,162646,52981,128327,156717,52587,141745,104869,100448,147622,163080,137511,165102,152455,32794,32175,65080,84551,206276,137397,160220,78268,111632,208170
71428,135833,87569,117680,121721,117680,89967,114751,189092,50618,50065,52659,50025,129606,148846,76259,76327,128793,95788,38198,29795,54861,112077,133894,169458,144535,137112,124091,81703,41534,95082,95325,62835,49981,40290,75945,48857,42409,124042,122325,66447,49827,131620,117897,94199,33066,41998,103862,87163,42116,43549,55229,22987,116831,128969,43369,46966,70610,56471,158815,116184,125386,47708,122009,53549,130205,143536,149567,30969,117190,57014,100193,50742,87756,112929,96209,50380,150936,64272,116616,145006,26307,130035,93159,88738,135911,151370,125800,153391,140744,44085,43466,50247,53186,194565,125687,127978,66558,131426,196460
79129,110969,62706,92817,96858,92817,65104,89888,164229,74139,73585,76179,73545,141449,123983,83960,99847,152314,107631,61718,43823,78381,135597,109031,144594,119671,112249,135933,134869,65054,106924,107167,27841,73501,63810,83646,72378,32283,135884,134168,47849,73347,106756,93033,69335,14468,65518,90159,70213,65636,26598,36194,38280,91968,152489,21017,28368,94130,79992,133951,102480,111683,71228,108305,21238,105342,118673,119385,56765,92327,64715,86490,40615,62893,88066,71346,73900,126072,87793,91753,114825,19341,105172,68295,58556,111048,126507,100937,128528,110563,67605,66986,40120,43059,169702,100823,114275,36376,143269,171596
110486,93057,44794,74905,78945,74905,47192,71975,146316,82248,81695,84289,81655,184592,106070,115317,107957,160423,150774,69828,64761,86490,143707,91119,109782,101759,94336,179077,142979,73164,150068,150311,8960,81611,71919,115003,80487,33076,179028,177311,29472,81456,88844,75121,51423,1466,73628,71781,63292,73745,22174,27300,72508,74055,160598,9042,5306,102240,88101,116039,84103,93305,79338,89928,9283,87430,100761,104950,64875,74414,96072,68113,37060,44980,70153,53433,82009,108160,95902,73841,100389,27814,87259,50383,44121,93136,108594,83025,110616,96127,75715,75096,36565,48740,151790,82911,95898,21941,186412,153684
117294,76487,24230,58335,62376,58335,29936,55405,129061,92327,91774,94368,91734,194672,89501,122125,118036,170502,160854,79907,74840,96570,153786,74549,110112,85189,77080,189156,153058,83243,160147,160390,11173,91690,81998,121812,90566,46750,189107,187391,21159,91535,72274,58551,34167,23725,83707,63238,60331,83825,24997,23816,82588,57486,170678,22716,14500,112319,98180,98783,75560,84762,89417,81385,14419,70860,84191,113247,74954,57844,102881,59570,54958,22007,53583,30630,92089,90904,105981,56585,114592,39957,70003,33127,31895,76566,91338,66455,93360,97249,85794,85175,50240,55548,134534,66341,87355,24704,196492,136428
120452,64740,7562,46588,50629,46588,15234,43658,122140,112913,112359,114953,112319,182772,77754,125283,138622,191088,148954,100493,95425,117155,174372,62802,98365,73442,70160,177257,173643,103828,148247,148491,25183,112276,102584,124970,111152,68497,177208,175491,24317,112121,60527,46804,27246,44310,104292,66396,63488,104410,43648,35175,103173,45739,191263,44463,28511,132905,118766,91862,78718,87920,110003,84543,35826,59113,72444,106326,95539,46097,106039,62728,58116,18340,41836,15152,112674,83983,126567,49664,107671,60543,63083,19045,37460,64819,72815,54708,86439,90328,106379,105761,59250,58706,127613,54594,90513,28161,184592,129507
141769,34710,12323,32886,36927,32886,23620,29956,102050,126431,125878,128471,125838,228775,63656,146600,152140,204606,194957,114011,108944,130673,187890,32772,84268,59345,65077,223260,187162,117347,194251,194494,39158,125794,116102,146287,124670,82472,223211,221494,38292,125639,46825,33102,29155,57828,117811,54384,74328,117928,57623,49150,116691,21979,204781,58438,52718,146423,132284,78506,66410,75612,123521,72235,49344,45411,58346,91626,109058,32396,127356,50715,79433,28633,28135,6039,126192,69283,140085,40243,92971,74061,56900,25298,39369,34789,42785,24678,62168,75628,119898,119279,80567,80023,114257,36766,78205,66323,230595,116151
151624,16571,28512,18333,24944,18329,32884,23096,91169,148156,147602,150196,147563,213944,73511,156455,173865,226331,180126,135736,130669,152398,209615,21892,94122,69199,54196,208428,184085,139072,179419,179662,65424,147519,137827,156141,146395,102321,208379,206663,67899,147364,38050,18954,55468,79553,139536,64239,84182,139653,87230,78758,138416,12381,226506,85686,74443,168148,154009,67625,76265,85467,145246,82090,71069,36636,68201,80745,130783,18787,137210,60570,89287,61516,16124,19718,147917,58402,161810,33213,82091,95786,46019,56672,60649,16650,31904,13278,51288,64747,141623,141004,90422,89878,103376,12609,88060,84475,215764,105270
167844,7908,54821,17193,23804,17189,67346,21957,81507,160283,159730,162324,159690,230164,60473,172675,185992,238458,196346,147863,142796,164526,221742,8910,72495,56162,57691,224649,200305,151199,195639,195882,77551,159646,149954,172362,158522,118542,224600,222883,80026,159491,36911,17815,65661,91681,151663,69514,89703,151781,99357,90885,150544,20144,238634,97813,86570,180275,166136,71120,62902,72104,157373,68727,83196,35497,55164,84240,142910,17648,153430,66090,105508,71709,24599,45697,160045,61897,173937,43407,85585,107913,49514,66866,70842,7987,35399,17407,42061,68242,153750,153131,106642,106098,97053,11470,74697,94669,231984,98948
137928,238965,190702,220813,224854,220813,193100,217884,292225,86226,82368,87306,84113,68009,251979,129519,84629,16409,76669,93400,98406,84854,14245,237027,272590,247667,240245,69687,72900,91764,75962,74814,165968,86745,90946,136289,85341,188820,62444,74362,185217,82987,234752,221029,197331,157245,90944,227526,219037,90982,177919,183044,120063,219964,14442,164786,165735,78912,85587,261947,239848,249050,84192,245673,156682,233338,246669,252700,97367,220323,154512,223857,192805,190889,216062,199342,84467,254068,84781,219749,248139,144010,233168,196291,191870,239044,254503,228933,256524,243877,87624,87005,192310,204485,297698,228819,251642,169691,56962,299592
103734,245476,197213,227324,231365,227324,199611,224395,298736,66453,64641,67270,66385,64934,258490,91118,47327,10044,71430,99912,104917,91365,24598,243538,279101,254178,246756,70889,67662,98275,70724,69575,172479,93256,97457,92728,91852,195331,59369,69124,191728,64829,241263,227540,203842,163756,97455,234037,225548,97493,184430,189555,126574,226475,13675,171297,172246,47306,92098,268458,246359,255561,90703,252184,163193,239849,253180,259211,103878,226834,110951,230368,160602,197400,222573,205853,66740,260579,69988,226260,254650,150521,239679,202802,198382,245555,261014,235444,263035,250388,94135,93516,161736,162033,304209,235330,258153,176202,53888,306103
75942,214557,166294,196404,200445,196404,168692,193475,267816,52242,50430,53059,52175,64250,227570,67533,41151,32510,54129,68992,73997,60023,32129,212619,248182,223259,215836,58734,50360,67355,53422,52274,141559,57988,66537,74444,58243,136596,58686,56969,160808,50618,210344,196621,172923,132836,66536,203117,194628,66574,153510,158636,78366,195555,31008,140378,141327,36704,60755,237539,215439,224641,59783,221264,132273,208929,222261,228291,72958,195914,82296,199449,131947,166480,191653,174933,52529,229660,61565,195341,223731,119601,208759,171883,167462,214636,230094,204525,232115,219469,63215,62596,133081,133377,273290,204411,227234,145282,55071,275184
48857,208617,160354,190465,194505,190465,162752,187535,261876,41274,42468,42354,42414,58942,221630,40449,51606,48336,35364,63052,68058,54093,62890,206679,242242,217319,209896,53426,31595,61415,34658,33509,135619,52058,60597,47359,52313,109511,53378,51661,154868,41042,204404,190681,166983,126896,60596,160865,144166,60634,147570,152696,51281,189615,45611,134438,135387,39085,54825,231599,173187,182389,53843,179011,126333,202990,216321,222351,67018,189974,55212,157196,104862,160540,185713,168993,42292,223720,65950,189401,217791,113661,202819,165943,161522,208696,224154,198585,226176,213529,57275,56657,105997,106293,267350,198471,184981,139342,54336,269244
37436,194847,146584,176695,180736,176695,148982,173765,248107,27504,28698,28584,28644,78325,207860,29027,57227,72642,44507,49282,54288,40323,92977,192909,228472,203549,196126,72809,36711,47645,43800,44043,121850,38288,46827,35797,38543,108320,72760,71044,141098,27272,190634,176911,153213,113127,46826,159673,142975,46864,133800,138926,37833,175845,69917,120668,121617,51510,41055,217829,171995,181197,40074,177820,112564,189220,202551,208582,53248,176204,54020,156005,103671,146770,171943,155224,28523,209950,52180,175631,204021,99891,189049,152173,147752,194926,210384,184815,212406,199759,43506,42887,104805,105102,253580,184701,183790,125572,80145,255474
30442,168893,120630,150741,154782,150741,123028,147811,222153,25738,27708,25562,27129,81082,172555,28979,62672,81880,41928,31326,31200,45767,98422,166955,167130,168244,170172,75567,39328,29258,46557,46800,95896,43733,33417,29816,31524,77776,75518,73801,107191,26704,164680,150957,127259,87173,35125,129129,112431,35243,90030,102106,24497,149892,79155,94714,95663,56955,46500,191875,141451,150653,30375,147276,86610,163266,167245,182628,35616,150250,36796,125460,73127,120816,145989,129270,25654,183996,57625,149677,178067,73937,163096,126219,121798,168972,184430,158861,186452,173805,30657,32898,74261,74558,227626,158747,153246,99618,82902,229520
39670,165565,125108,148304,154187,148304,130318,145375,229443,51563,53533,51386,52953,98630,162710,43070,90207,106546,59476,51399,46716,64276,125957,163626,157284,158398,177463,93115,56876,48365,64105,64349,114139,57362,53490,42545,57444,67930,93066,91349,97346,52529,158105,148521,134549,80257,55199,119284,102585,55317,80185,92260,40014,139370,103821,102090,109382,84490,65887,199165,131606,140808,56295,137430,117342,157287,157400,213009,51133,147814,34032,115615,63281,128107,143553,135712,51479,191286,73688,156967,208448,89454,170386,133509,152179,165643,173639,155532,193742,197631,49764,52005,64416,64712,234916,156311,143400,130000,100450,236811
55122,136790,88527,118638,133583,118638,94111,115708,193236,55911,60062,55734,57301,117441,142105,59952,86324,138790,83623,48195,38637,64857,122074,134852,136679,137794,141255,111926,87583,52713,82917,83160,46289,59978,50286,59639,58854,30191,111877,110160,67444,56877,137500,118854,98342,38641,51995,98679,81981,52112,40238,48902,29166,117788,138965,40678,47963,80607,66468,162958,111001,120203,57705,116826,46389,136682,136795,144537,40966,118147,40708,95010,42677,91899,113886,97167,55827,155079,74269,120760,139976,44384,134179,97302,83707,136869,155513,126758,157535,135714,54082,53463,39371,38446,198709,126644,122795,61527,119261,200603
68048,119886,68124,101733,105774,101733,73334,98804,172459,68597,72630,68421,72590,130368,123820,72879,98892,151358,96550,60763,52360,77426,134642,117948,118394,119508,120479,124852,100509,64099,95843,96086,31943,72546,62854,72565,71422,18941,124803,123087,46668,72391,115673,101950,77565,23235,64563,80394,63695,64681,20081,31761,41852,100884,151534,19901,27187,93175,79036,142182,92716,101918,70273,98540,35146,114258,118510,130813,53534,101243,53634,76725,27273,71123,96982,80262,68514,134302,86837,99983,126252,34943,113402,76525,69984,119964,134737,109853,136758,121991,66650,66031,26778,29717,177932,109740,104510,47804,132188,179827
80651,107143,55381,88991,93032,88991,60592,86061,159717,101063,100509,103103,100470,142971,115753,85482,126772,179238,109153,88643,83576,105305,162522,105205,110328,111442,107736,137456,113112,91979,108446,108689,23034,100426,90734,85169,99302,18495,137407,135690,33925,100271,102930,89207,64823,19323,92443,72327,55629,92560,779,20090,57006,88142,179413,12345,16436,121055,106916,129439,84649,93851,98153,90474,27619,101516,110444,123285,83690,88500,66237,68659,26827,58380,84239,67520,100824,121560,114717,87241,118725,46629,100659,63783,62456,107222,121994,97111,124016,114463,94530,93911,26332,29271,165190,96997,96444,40276,144791,167084
98796,84449,32687,66296,70337,66296,37897,63367,137022,107077,106524,109118,106484,161116,89463,103627,132786,185252,127298,94657,89590,111320,168536,82510,84038,85152,85042,155600,131257,97993,126591,126834,19570,106440,96749,103314,105316,30864,155552,153835,7346,106286,80236,66513,42128,27606,98457,46038,43130,98575,20927,7866,97338,65447,185428,24586,20172,127069,112930,106744,58359,67561,104167,64184,33633,78821,84154,121208,89704,65806,84382,42369,36459,35686,61545,44825,106839,98865,120731,64546,122554,52643,77965,41088,52342,84527,99300,74416,101321,105210,100544,99925,37594,37050,142495,74303,70154,46291,162936,144390
113937,59568,18444,42308,46349,42308,47264,39378,126907,121253,120700,123294,120660,176257,65343,118768,146962,199428,142439,108833,103766,125496,182712,57630,85955,61032,89935,170741,146398,112169,141732,141975,33746,120616,110925,118454,119492,45595,170692,168976,11031,120462,56247,42524,51495,41782,112633,45930,43022,112751,37947,25424,111514,36573,199604,38762,34348,141245,127106,103363,58252,67454,118343,64077,47809,54833,60033,116484,103880,41817,99523,42262,51600,45053,37556,21811,121015,94141,134907,65100,117829,66819,81757,50455,61709,59647,67643,49536,87026,100485,114720,114101,52735,52191,139114,50314,70047,60467,178077,141008
120423,45823,19805,28563,32604,28563,55662,25634,113163,132383,131829,134423,131789,182743,51598,125254,158091,210558,148925,119962,114895,136625,193841,43885,72210,47287,76190,177227,152884,123298,148218,148461,49651,131745,122054,124940,130622,71120,177178,175462,25792,131591,42502,28780,59893,63780,123762,42327,62270,123880,64921,38531,122643,22828,210733,69913,58669,152374,138236,89619,54353,63555,129472,60178,55296,41088,46289,102739,115009,28073,106009,38658,58086,53450,23812,12508,132144,80396,146037,51356,104084,80012,68013,58853,70106,45902,53898,35791,73281,86741,125849,125230,59221,58677,125370,36570,66148,72275,184563,127264
131379,32319,35435,12055,6388,12055,64176,5200,99605,140897,140343,142937,140304,193699,40939,136210,166606,219072,159881,128477,123410,145139,202356,30381,61551,36628,73916,188184,163841,131813,159174,159418,58165,140260,130568,135897,139136,82077,188135,186418,44323,140105,26537,12271,68407,72294,132277,44690,64633,132394,75878,60492,131157,9009,219247,78427,67184,160889,146750,87345,43368,52570,137987,49193,63810,25122,35629,100465,123524,11564,116966,41021,69043,61965,4313,24719,140658,78122,154551,61145,101810,88527,65739,67367,78621,32398,51624,33632,60159,84467,134364,133745,70177,69633,115151,20061,55163,80789,195519,117046
119863,260489,212226,242337,246378,242337,214624,239408,313749,107750,103892,108830,105637,66379,273503,107247,106153,29018,87559,114924,119930,106378,34705,258551,294114,269191,261769,68058,83790,113288,86852,85704,187492,108269,112470,108857,106865,210344,60815,71387,206741,104511,256276,242553,218855,178769,112468,249050,240561,112506,199443,204568,141587,241488,26996,186310,187259,100436,107111,283471,261372,270574,105716,267197,178206,254862,268193,274224,118891,241847,127080,245381,214329,212413,237586,220866,105991,275592,106305,241273,269663,165534,254692,217815,213394,260568,276027,250457,278048,265401,109148,108529,213834,226009,319222,250343,273166,191215,55333,321116
95276,251143,202880,232991,237031,232991,205278,230061,304402,98403,94546,99483,96290,47174,264156,82660,64885,15891,62973,105578,110584,97032,26905,249205,284768,259845,252422,48853,59204,103941,62266,61117,178145,98922,103123,84270,97519,156793,41610,52182,197394,95164,246930,233207,209509,169422,103122,208146,191448,103160,190096,195222,99836,232141,10934,176964,177913,64865,97764,274125,220468,229670,96369,226293,168859,245516,258847,264877,109544,232500,102493,204478,152144,203066,228239,211519,96645,266246,96958,231927,260317,156187,245345,208469,204048,251222,266680,241111,268701,256055,99801,99182,153278,153575,309876,240997,232263,181868,36128,311770
75679,231829,183566,213677,217718,213677,185964,210748,285089,64487,65681,65567,65626,41982,244843,63063,61167,26311,43375,86265,91270,77305,40866,229891,226550,240531,233109,38662,39607,84628,42669,41520,158832,75270,83810,64673,75525,137196,36418,36896,178081,64255,227616,213893,190195,150109,83808,188549,171851,83846,170783,161526,74494,212828,23587,157650,158599,48646,78038,254811,200871,210073,77056,206696,149546,226202,239533,245564,90231,213187,82896,184880,132547,183753,208926,192206,65505,246932,68708,212613,241003,136874,226032,189155,184735,231908,247367,221797,249388,236741,80488,79869,133681,133978,290562,221683,212666,162555,30936,292456
52365,217527,169264,199374,203415,199374,171662,196445,270786,50184,51378,51264,51324,41211,208661,39749,65759,45893,20061,71962,76967,63003,60447,215589,203235,204349,218806,35696,16292,70325,19354,18206,144529,60968,69507,41359,61222,113881,35647,33931,143296,49952,213314,199591,175893,135806,69506,165235,148536,69544,126135,138211,60191,198525,43168,143348,144297,53238,63735,240509,177557,186759,62753,183381,135243,211899,203351,231261,75928,198884,59582,161566,109232,169450,194623,177903,51202,232630,74860,198311,226701,122571,211729,174853,170432,217606,233064,207495,235085,222439,66185,65566,110367,110663,276260,207381,189351,148252,43031,278154
35248,208928,160665,190776,194816,190776,163063,187846,262187,41585,42779,42665,42725,54965,191544,14868,71308,66948,18387,63363,68369,54404,107058,206990,186119,187233,210207,49449,15787,61726,18543,20683,135930,52369,60908,24242,52624,96765,49400,47684,126180,41353,204715,190992,167294,127207,60907,148118,131420,60945,109019,121095,45661,189926,64223,134749,135698,65591,55136,231910,160440,169642,54154,166265,126644,203301,186235,222662,67329,190285,42465,144450,92116,160851,186024,169304,42603,224031,66261,189712,218102,113972,203130,166254,161833,209007,224465,198896,226486,213840,57586,56967,93250,93547,267661,198782,172235,139653,56785,269555
16741,175029,134573,157769,163652,157769,139783,154840,238908,50553,51747,51633,51692,70993,172174,15278,80275,87103,40033,48762,45076,63371,116025,173091,166749,167863,186928,65478,37433,46694,36469,36712,123603,61337,69876,16115,61591,77395,65429,63713,106810,50321,167569,157985,144014,87413,69874,128749,112050,69912,89649,101725,38374,148834,84378,111554,118847,74558,64104,208630,141070,150272,63122,146895,100486,166752,166865,196504,49493,157279,23096,125080,72746,137572,153018,145177,51571,200751,75229,166432,191944,87814,179851,142974,135675,175108,183104,164997,203207,207096,66554,65935,73880,74177,244381,165775,152865,113495,72813,246275
26013,151771,111314,134511,140394,134511,116525,131581,215649,49642,51613,49466,51033,88268,148916,29412,88286,104625,54450,49478,44796,62356,124036,149833,143491,144605,163669,82752,54955,46445,53743,53986,100345,55441,51570,28887,55524,54137,82704,80987,83552,50608,144311,134727,120756,66463,53278,105490,88792,53396,66391,78467,38093,125576,101900,88296,95589,82569,63966,185372,117812,127014,54375,123637,103548,143493,143606,199215,49213,134020,20238,101821,49488,114313,129759,121918,49559,177493,71767,143174,194655,78172,156592,119716,138386,151850,159846,141739,179949,183838,47844,50084,50622,50918,221123,142517,129607,116206,90088,223017
43510,131837,91380,114577,120460,114577,96590,111647,195715,69127,71097,68950,70517,105829,128982,48340,100696,134381,72011,62567,53010,79230,136446,129899,123556,124670,143735,100314,75971,65929,71305,71548,80411,74350,64659,48027,73227,34202,100265,98548,63618,70093,124377,114793,100822,51451,66367,85556,68857,66485,46457,58533,43538,105642,131657,68362,75655,94979,80841,165438,97878,107080,72077,103703,83614,123559,123672,179281,55338,114086,29096,81887,29553,94379,109825,101984,69043,157559,88642,123239,174720,63159,136658,99782,118452,131916,139911,121805,160014,163903,67328,67836,30688,30984,201188,122583,109672,96272,107649,203083
59121,116566,76110,99306,105189,99306,81320,96377,180445,89837,82035,89660,91227,121441,113711,63952,108297,149993,87623,70168,60611,86831,144047,114628,108286,109400,128465,115925,91582,86639,86916,87159,43503,81951,72260,63638,80827,12566,115877,114160,48347,90803,109106,99522,85551,37250,73968,70286,53587,74086,27488,43262,51139,90371,147268,31462,38747,102580,88441,150167,82607,91809,79678,88432,46707,108289,108402,142374,62939,98816,44707,66617,14283,79109,94555,86714,89753,142288,96242,107969,137813,51899,121388,84511,81544,116645,124641,106534,144744,148633,76055,75436,15417,15260,185918,107312,94402,59364,123261,187812
72469,100021,58394,82761,88644,82761,63604,79832,162729,114328,113774,116368,113734,134789,97166,77300,140037,192503,100971,101908,96840,118570,175787,98083,91741,92855,110749,129273,104930,105243,100264,100507,37680,113691,103999,76986,112567,13382,129225,127508,30632,113536,92561,82977,67835,34857,105707,53741,33167,105825,16534,20896,65590,73826,160616,25631,32924,134320,120181,132451,66062,75264,111418,71887,40883,91744,91857,136550,96954,82271,58055,50072,11985,61393,78010,70169,114089,124572,127982,90253,131990,59893,103672,66795,75721,100100,108096,89989,127028,127728,107794,107176,11490,14429,168202,90767,77857,53541,136609,170097
83430,84620,58359,67360,73243,67360,63569,64430,162694,125748,125195,127789,125155,145749,81765,88260,151457,203923,111931,113328,108261,129991,187207,82682,76340,77454,110714,140234,115891,116664,111225,111468,49100,125111,115419,87947,123987,34127,140185,138468,30855,124957,77160,67576,67800,46277,117128,38339,21152,117246,27928,20512,102596,58425,171577,37052,44344,145740,131601,132417,50661,59863,122838,56486,52304,76342,76455,146881,108375,66869,69016,34670,21093,61358,62608,54767,125510,124537,139402,90218,148226,71314,103637,66760,78014,84699,92695,74588,112078,130882,119215,118596,22227,21683,168167,75366,62456,64962,147569,170062
99869,72124,53523,54864,56700,54864,58734,51934,139464,133063,132509,135103,132469,162189,65222,104700,158771,211238,128371,120642,115575,137305,194521,70186,64942,60911,105878,156673,132330,123978,127664,127907,45555,132425,122734,104386,131302,50567,156624,154908,26019,132271,60617,55080,62965,53592,124442,26941,23728,124560,44367,28982,119036,45929,211413,50571,46157,153054,138916,127581,39263,48465,130152,45088,59618,59800,59913,142045,115689,54374,85455,23272,37532,56522,50113,42272,132824,119702,146717,85383,143390,78628,98801,61925,73178,72203,80199,62092,99582,126047,126529,125911,38667,38123,163332,62870,51057,72276,164009,165226
116948,60350,41447,43089,34357,43089,70188,35774,127689,146909,146355,148949,146316,179268,42880,121779,172618,225084,145450,134489,129421,151151,208368,58412,63491,38568,90716,173752,149409,137825,144743,144986,62234,146272,136580,121465,145148,67645,173703,171987,42698,146117,38275,43306,74419,70270,138288,21293,41237,138406,61446,45660,137169,37355,225259,67250,62836,166901,152762,104145,33820,43022,143999,39645,69822,37457,37570,117265,129536,39166,102534,17624,54611,67977,38338,30497,146670,94922,160563,65882,118610,94539,82539,73379,84633,60429,68424,50318,87808,101267,140376,139757,55746,55202,139896,48187,45614,86801,181088,141790
138800,46056,46350,25364,19969,25364,75091,21385,113342,151812,151259,153853,151219,201120,29023,143631,177521,229987,167302,139392,134325,156054,213271,44118,49635,24712,87653,195604,171261,142728,166595,166838,69080,151175,141483,143317,150051,89498,195555,193839,64550,151020,24418,25581,79322,83209,143192,32915,52859,143309,83298,67512,142072,27193,230162,89102,78099,171804,157665,101082,25907,35109,148902,31731,74725,23600,23713,114202,134439,24778,124386,29247,76463,72880,25285,35400,151573,91859,165466,70785,115547,99442,79476,78282,89536,46135,65361,47370,73896,98204,145279,144660,77598,77054,128888,33798,37701,91704,202940,130783
155048,50171,62598,29479,26391,29479,91339,26713,117457,168060,167506,170100,167467,217368,8812,159879,193769,246235,183550,155640,150573,172302,229519,48233,36157,6259,91768,211852,187509,158976,182843,183086,85328,167423,157731,159565,166299,105745,211803,210087,80798,167268,8565,29695,95570,99457,159440,49163,69107,159557,99546,83760,158320,31248,246410,105350,94347,188052,173913,105197,42864,52066,165150,41270,90973,9327,2963,118317,150687,28892,140634,45495,92711,89128,29340,51648,167821,95974,181714,87033,119662,115690,83591,94530,105784,50250,69476,51484,78011,102319,161527,160908,93846,93302,133003,37913,42923,107952,219188,134897
62282,221433,210311,204173,210056,204173,212709,201243,311834,91231,92425,92311,92371,17381,218578,49666,91908,51415,30605,113009,118015,104050,62429,219495,213153,214267,259853,19715,34564,111372,29898,28123,170007,102015,110554,51276,102270,123799,11817,24626,153214,90999,213973,204389,216940,176854,110553,175152,158454,110591,136053,148129,96432,195238,46457,157958,165251,79387,104782,281556,187474,196676,103801,193299,176291,213155,213268,272309,116975,203682,69499,171483,119150,210498,199421,218951,92250,273677,115908,239358,267748,163618,252777,215900,211479,221512,229508,211401,276133,263486,107233,106614,120284,120581,317307,212179,199269,189299,12391,319201
47902,207053,195931,189793,195676,189793,198329,186863,297454,76851,78045,77931,77991,29297,204198,35286,106574,59438,16225,98629,103635,89670,73992,205115,198773,199887,245473,24804,20184,96992,15518,13743,155627,87635,96174,36896,87890,109419,25313,23596,138834,76619,199593,190009,202560,162474,96173,160772,144074,96211,121673,133749,82052,180858,56713,143578,150871,79142,90402,267176,173094,182296,89421,178919,161911,198775,198888,257929,102595,189302,55119,157103,104770,196117,185041,204571,77870,259297,101527,224978,253368,149238,238396,201520,197099,207132,215128,197021,261753,249106,92853,92234,105904,106201,302927,197799,184889,174919,32697,304821
23099,182249,176799,164989,170872,164989,179197,162060,278322,57719,58913,58799,58859,48113,179394,12672,87442,76665,14295,79497,84503,70538,123192,180311,173969,175083,226341,42598,18255,77860,13588,13832,130823,68503,77042,11352,68758,84615,42549,40832,114030,57487,174789,165206,183428,143342,77041,135969,119270,77079,96869,108945,62920,156055,73941,118775,126067,81725,71270,248044,148291,157493,70289,154115,142779,173972,174085,238796,83463,164499,30316,132300,79966,176985,160238,185439,58737,240165,82395,205846,234236,130106,219264,182388,177967,182328,190324,172217,242621,229974,73720,73102,81101,81397,283795,172996,160085,155787,49933,285689
10715,169866,129409,152605,158488,152605,134619,149676,233744,63711,64905,64791,64851,65725,167011,10897,93434,94277,31907,85489,90495,76530,129184,167927,161585,162699,181764,60210,35867,83852,31200,31444,118440,74495,83034,7923,74750,72231,60161,58444,101647,63479,162406,152822,138850,88836,83033,123585,106886,83071,84486,96561,56000,143671,91553,106391,113683,87717,77262,203466,135907,145109,76281,141731,121643,161588,161701,217310,89455,152115,17932,119916,67582,132408,147854,140013,64730,195587,88388,161268,212749,136098,174687,137810,156481,169944,177940,159833,198043,201932,79713,79094,68717,69013,239217,160612,147701,134301,67545,241112
32808,153188,112731,135928,141811,135928,117941,132998,217066,71418,93182,71241,72808,94002,150333,39309,121711,122554,60184,71254,66571,104807,157461,151250,144907,146021,165086,88487,64144,68220,59477,59721,101762,102772,73345,38996,103027,55553,88438,86721,84969,72383,145728,136144,122173,78165,75053,106907,90208,75171,67808,79884,59868,126993,119830,89713,97005,115994,105539,186789,119229,128431,76150,125054,104965,144910,145023,200632,70988,135437,20065,103238,50904,115730,131176,123335,71334,178910,116664,144590,196071,89874,158009,121133,139803,153267,161262,143156,181365,185254,69619,71859,52039,52335,222539,143934,131023,117623,95822,224434
45041,136158,95702,118898,124781,118898,100912,115969,200037,75757,77727,75580,77147,107360,133303,49872,114400,135913,73542,75593,70910,88470,150150,134220,127878,128992,148057,101845,77502,72559,72836,73079,84732,81555,77684,49558,81638,38524,101796,100080,67939,76722,128698,119114,105143,55647,79392,89878,73179,79510,50778,62854,64207,109964,133188,72684,79976,108683,90080,169759,102199,111402,80489,108024,87936,127881,127994,183603,75327,118408,30627,86209,33875,98701,114147,106306,75673,161880,97881,127561,179042,70296,140980,104103,122773,136237,144233,126126,164336,168225,73958,76198,35010,35306,205510,126904,113994,100594,109180,207404
65077,127338,86881,110078,115961,110078,92092,107148,191216,95793,97763,95616,97183,127397,124483,69908,134437,155949,93579,95629,90946,108506,170187,125400,119058,120172,139236,121881,97538,92595,92872,93115,75912,101592,97720,69594,101674,27117,121833,120116,59119,96759,119878,110294,96323,73089,99429,81057,41606,99547,41958,54034,84244,101143,153224,63863,71156,128720,110117,160939,93379,102581,100525,99204,79115,119060,119173,174782,95363,109587,50663,77388,25055,89880,105326,97485,95709,153060,117918,118741,170222,72062,132159,95283,113953,127417,135413,117306,155516,159405,93994,96235,26189,15461,196690,118084,105174,91773,129217,198584
75610,108277,67820,91017,96900,91017,73031,88087,172155,106326,132945,106149,107717,137930,105422,80441,159207,166482,104112,121078,101479,137741,194957,106339,99997,101111,120175,132415,108072,103128,103405,103649,56851,132861,123170,80128,131738,25014,132366,130649,40058,107292,100817,91233,77262,54028,124878,61996,26367,124996,35678,34973,94777,82082,163757,44802,52095,153490,139352,141878,74318,83520,130588,80143,60054,99999,100112,155721,116125,90526,61197,58327,13222,70819,86265,78424,106242,133999,147153,99680,151160,79064,113098,76222,94892,108356,116352,98245,136454,140344,126965,126347,14356,10908,177629,99023,86113,72712,139750,179523
96076,96789,71175,79529,74857,79529,76385,76274,175510,138394,137841,140435,137801,158395,83380,100907,164103,216569,124577,125974,120907,142637,199853,94851,80567,79068,123530,152880,128537,129310,123871,124114,61747,137757,128066,100593,136633,46773,152831,151115,43671,137603,78775,79745,80617,58923,129774,33868,11281,129892,40574,32988,115243,70594,184223,49698,56991,158386,144248,145233,54889,64091,135484,60713,64950,77957,78070,159697,121021,79666,81662,38898,33739,74174,74777,66936,138156,137354,152048,103034,161042,83960,116453,79577,90830,96868,104864,86757,124247,143698,131861,131242,34873,26627,180983,88687,66683,77608,160216,182878
111649,87189,68286,62366,56970,62366,70114,58387,154528,144443,143889,146483,143849,173969,65493,116480,170151,222618,140151,132022,126955,148685,205901,85251,60615,61181,117555,168454,144111,135358,139444,139688,56935,143805,134114,116167,142682,62347,168405,166688,37399,143651,60888,62582,74345,64972,135822,15981,14116,135940,56148,40362,130816,64194,222793,61951,57537,164434,150296,130984,34936,44138,141532,40761,70998,60070,60183,144104,127069,61779,97236,18933,49313,67902,62287,57336,144204,121761,158097,92721,145449,90008,109378,73305,84558,87267,95263,77156,114646,128106,137909,137291,50447,49903,166735,70800,46731,83656,175789,168629
116973,71092,58521,50400,45004,50400,75437,46421,138378,149766,149213,151807,149173,179293,54059,121804,175475,227941,145475,137346,132279,154009,211225,69154,43001,49747,107791,173777,149434,140682,144768,145011,62259,149129,139437,121490,148005,67671,173728,172012,42723,148975,49454,50616,79668,70295,141146,4285,31397,141264,61471,45686,136140,52228,228117,67275,62861,169758,155619,121220,17323,26525,146856,23148,76322,48636,48749,134340,132393,49813,102559,2177,54636,73226,50321,47572,149528,111997,163420,82957,135685,95332,99614,78628,89882,71171,85499,67392,104882,118342,143233,142614,55771,55227,156970,58834,29117,88980,181113,158865
134018,59871,63632,39179,33784,39179,92482,35200,127157,169093,168540,171134,168500,196337,33532,138848,194802,247269,162519,156673,151606,173336,230552,57933,30630,29221,101468,190822,166479,160009,161813,162056,79303,168456,158765,138535,167333,84715,190773,189056,59768,168302,28927,39395,96713,87340,160473,19623,48480,160591,78516,62730,159354,41008,247444,84319,79905,189085,174947,114897,7984,17670,166183,12950,92007,28110,28223,128017,151720,38593,119604,24365,71681,90270,39100,52682,168855,105674,182748,88067,129362,112376,93291,95673,106927,59950,79176,61184,87711,112019,162560,161941,72815,72271,142703,47613,20263,106024,198157,144598
149643,61778,74085,41086,37997,41086,102826,38320,129064,179547,178993,181587,178954,211962,17026,154474,205256,257722,178144,167127,162059,183789,241006,59839,12561,20573,103375,206447,182104,170463,177438,177681,96815,178910,169218,154160,177786,100340,206398,204682,75393,178755,26503,41302,107057,110944,170926,37989,80594,171044,94141,78355,169807,42855,257897,99944,95531,199539,185400,116804,20896,24970,176637,22866,102460,26931,18951,129924,162174,40499,135229,39990,87306,100615,40947,63135,179308,107581,193201,98520,131269,127177,95198,106017,117271,61856,81083,63091,89618,113925,173014,172395,88440,87897,144610,49520,23573,119439,213782,146504
139189,76572,80333,55880,50485,55880,97653,51901,143858,171982,171428,174022,171388,201508,59539,144019,197691,250157,167690,159562,154494,176224,233441,74634,26884,55227,118169,195993,171650,162897,166984,167227,84474,171345,161653,143706,170221,89886,195944,194227,64939,171190,54934,56096,101884,92511,163361,27534,53651,163479,83687,67901,158355,57709,250332,89490,85076,191974,177835,131598,9873,262,169072,6181,98537,54116,54229,144718,154608,55294,124775,29536,76852,95441,55801,69383,171743,122375,185636,104768,146063,117547,109992,100844,112097,76651,95877,77885,104412,128720,165448,164830,77986,77442,159404,64314,6684,111195,203328,161299
153782,76046,88353,55354,52266,55354,117094,52588,143332,193815,193262,195856,193222,216102,39153,158613,219524,271990,182284,181395,176328,198058,255274,74108,12650,34841,117643,210586,186243,184731,181577,181820,99068,193178,183487,158300,192054,104480,210538,208821,79532,193024,40771,55571,121326,107104,185195,42128,68245,185313,98280,82495,184076,57123,272166,104084,99670,213807,199668,131072,22507,21563,190905,20715,116728,41199,33220,144192,176442,54768,139368,44130,91446,114883,55215,77404,193577,121849,207469,112788,145537,141445,109466,120286,131539,76125,95351,77359,103886,128194,187282,186663,92580,92036,158878,63788,16842,133708,217922,160773
